name,age,state
Jeffrey Douglas,54,CT
Connor Baker,22,WV
Caroline Vega,65,TN
Mildred Marshall,64,LA
Ricardo Estrada,24,AL
Jared Mullins,62,AL
Jacob Haynes,50,MO
Phillip Gross,56,ID
Richard Rios,41,NY
Victoria Patton,60,NC
Jeffrey Thomas,23,MT
Rena Santiago,25,AK
Estelle Lloyd,45,MN
Emily Griffith,62,KY
Gregory Webster,32,MS
Bill Garner,24,ND
Norman Fields,19,SD
Ralph Delgado,28,KS
Anne McKenzie,23,OK
Lester Stone,62,ND
Lillie Lawrence,35,MI
Lewis Swanson,48,CT
Blake Goodwin,65,WV
Charlie Jensen,54,MA
Viola West,59,SD
Hilda Smith,56,VT
Lily Pena,44,DE
Carolyn Welch,35,CT
Lucas Dixon,21,DC
Lenora Castro,36,VT
Adeline Marsh,55,KS
Billy McKenzie,24,ND
Christopher Huff,59,VA
Clyde Morgan,41,DC
Lola Tate,52,NM
Victoria Pratt,26,IN
Nathan Vasquez,49,GA
Ella Romero,55,NJ
Virgie Ford,50,MS
Ann Luna,39,CO
Max French,35,NC
Jeffery Pittman,44,FL
Gabriel Ross,27,MO
Joshua Spencer,29,NE
Logan Goodwin,58,CT
Walter Williams,44,NC
Dean Hopkins,43,SD
Samuel Bryant,63,AR
Joshua Steele,54,WY
Glen Sherman,46,DE
Lura Bates,58,WA
Mitchell Malone,30,SC
Gilbert Luna,40,AK
Ada Santos,40,MT
Josephine Craig,35,NV
Lee Hunter,65,IA
Nannie Flowers,53,HI
Tyler Gardner,23,NV
Jeremy Houston,64,OH
Roy Chambers,49,ME
Emily Wilson,39,KY
Mike Mullins,46,TX
Eleanor Bush,35,WI
Rose Massey,44,AZ
Callie James,55,NC
Rodney Moore,53,CA
Glenn Rios,28,TX
Walter Alvarado,34,ID
Ivan Wheeler,54,AZ
Derrick Ramos,52,NC
Effie Aguilar,43,CO
Hunter Pearson,63,MD
Christopher Newman,47,UT
Jeanette Vasquez,23,WI
Jimmy Reeves,63,PA
Georgia Delgado,25,MT
Erik Johnson,33,SD
Randall Russell,64,ND
Christine Crawford,25,DC
Randall Turner,64,MI
Mabel Fowler,39,GA
Etta Gordon,40,NV
Eugene Padilla,37,DC
Jason Smith,41,MI
Nathaniel Hernandez,29,WV
Jeremiah Leonard,51,HI
Dean Chavez,50,CA
Francis Wright,55,VT
Polly Underwood,33,AR
Andre Henry,24,FL
Landon Santiago,64,ME
Jay Garcia,48,MI
Gene Rhodes,41,PA
Teresa Cain,29,WI
Etta Baker,62,AZ
Theresa Young,18,IL
Frances Valdez,21,AL
Effie Phillips,40,OK
Christopher Carroll,64,KS
Marion Crawford,49,ND

